-- Sequence and defined type for auditorium_seats
CREATE SEQUENCE IF NOT EXISTS auditorium_seats_id_seq;
-- Table Definition for auditorium_seats
CREATE TABLE IF NOT EXISTS public.auditorium_seats (
    id SERIAL PRIMARY KEY,
    seat_number INTEGER,
    type SMALLINT,
    auditorium_id BIGINT,
    status INTEGER NOT NULL DEFAULT 1,
    created_at TIMESTAMP DEFAULT CURRENT_TIMESTAMP
);
-- Sequence and defined type for auditoriums
CREATE SEQUENCE IF NOT EXISTS auditoriums_id_seq;
-- Table Definition for auditoriums
CREATE TABLE IF NOT EXISTS public.auditoriums (
    id SERIAL PRIMARY KEY,
    name VARCHAR(255),
    seats INTEGER,
    cinema_id BIGINT,
    status INTEGER NOT NULL DEFAULT 1,
    created_at TIMESTAMP DEFAULT CURRENT_TIMESTAMP,
    updated_at TIMESTAMP DEFAULT CURRENT_TIMESTAMP
);
-- Sequence and defined type for cinemas
CREATE SEQUENCE IF NOT EXISTS cinemas_id_seq;
-- Table Definition for cinemas
CREATE TABLE IF NOT EXISTS public.cinemas (
    id SERIAL PRIMARY KEY,
    address TEXT,
    capacity INTEGER,
    email VARCHAR(255),
    name VARCHAR(255),
    phone_number BIGINT,
    status INTEGER NOT NULL DEFAULT 1,
    created_at TIMESTAMP NOT NULL DEFAULT CURRENT_TIMESTAMP,
    updated_at TIMESTAMP NOT NULL DEFAULT CURRENT_TIMESTAMP,
    owner_id BIGINT
);
-- Table Definition for comments
CREATE TABLE IF NOT EXISTS public.comments (
    id SERIAL PRIMARY KEY,
    content TEXT,
    timestamp TIMESTAMP,
    imdb_id VARCHAR(20),
    ticket_id BIGINT,
    created_at TIMESTAMP NOT NULL DEFAULT CURRENT_TIMESTAMP
);
-- Sequence and defined type for companies
CREATE SEQUENCE IF NOT EXISTS companies_id_seq;
-- Table Definition for companies
CREATE TABLE IF NOT EXISTS public.companies (
    id SERIAL PRIMARY KEY,
    name VARCHAR(255),
    logo_path VARCHAR(255),
    created_at TIMESTAMP NOT NULL DEFAULT CURRENT_TIMESTAMP,
    user_id BIGINT
);
-- Table Definition for companies_countries
CREATE TABLE IF NOT EXISTS public.companies_countries (
    company_id BIGINT NOT NULL,
    iso_3166_1 VARCHAR(3) NOT NULL
);
-- Table Definition for countries
CREATE TABLE IF NOT EXISTS public.countries (
    iso_3166_1 VARCHAR(255) NOT NULL PRIMARY KEY,
    name VARCHAR(255)
);
-- Table Definition for genres
CREATE TABLE IF NOT EXISTS public.genres (
    id SERIAL PRIMARY KEY,
    name VARCHAR(255)
);
-- Table Definition for languages
CREATE TABLE IF NOT EXISTS public.languages (
    iso_639_1 VARCHAR(2) NOT NULL PRIMARY KEY,
    english_name VARCHAR(255),
    name VARCHAR(255)
);
-- Table Definition for movies
CREATE TABLE IF NOT EXISTS public.movies (
    imdb_id VARCHAR(20) NOT NULL PRIMARY KEY,
    awards VARCHAR(255),
    dvd VARCHAR(255),
    imdb_rating FLOAT8,
    imdb_votes INTEGER,
    metascore INTEGER,
    original_title VARCHAR(255),
    plot TEXT,
    poster TEXT,
    rated VARCHAR(50),
    released VARCHAR(255),
    runtime INTEGER,
    tagline VARCHAR(255),
    title VARCHAR(255),
    type VARCHAR(50),
    website VARCHAR(255) DEFAULT 'N/A',
    year INTEGER,
    production VARCHAR(255),
    tmdb_id INTEGER,
    box_office FLOAT8,
    created_at TIMESTAMP DEFAULT CURRENT_TIMESTAMP
);
-- Table Definition for movies_companies
CREATE TABLE IF NOT EXISTS public.movies_companies (
    imdb_id VARCHAR(20) NOT NULL,
    company_id BIGINT NOT NULL,
    PRIMARY KEY (imdb_id, company_id)
);
-- Table Definition for movies_countries
CREATE TABLE IF NOT EXISTS public.movies_countries (
    imdb_id VARCHAR(20) NOT NULL,
    iso_3166_1 VARCHAR(3) NOT NULL,
    PRIMARY KEY (imdb_id, iso_3166_1)
);
-- Table Definition for movies_genres
CREATE TABLE IF NOT EXISTS public.movies_genres (
    imdb_id VARCHAR(20) NOT NULL,
    genre_id INTEGER NOT NULL
);
-- Table Definition for movies_languages
CREATE TABLE IF NOT EXISTS public.movies_languages (
    imdb_id VARCHAR(20) NOT NULL,
    iso_639_1 VARCHAR(2) NOT NULL,
    PRIMARY KEY (imdb_id, iso_639_1)
);
-- Table Definition for movies_ratings
CREATE TABLE IF NOT EXISTS public.movies_ratings (
    imdb_id VARCHAR(20) NOT NULL,
    writer_id BIGINT NOT NULL
);
-- Sequence and defined type for people
CREATE SEQUENCE IF NOT EXISTS people_id_seq;
-- Table Definition for people
CREATE TABLE IF NOT EXISTS public.people (
    id SERIAL PRIMARY KEY,
    name VARCHAR(255),
    role VARCHAR(255),
    created_at TIMESTAMP DEFAULT CURRENT_TIMESTAMP
);
-- Table Definition
CREATE TABLE "public"."cast_member" (
    "imdb_id" varchar(20) NOT NULL,
    "person_id" int4 NOT NULL,
    "created_at" timestamp DEFAULT CURRENT_TIMESTAMP
);
-- Table Definition for production_company
CREATE TABLE IF NOT EXISTS public.production_company (
    imdb_id VARCHAR(20) NOT NULL,
    company_id BIGINT NOT NULL,
    PRIMARY KEY (imdb_id, company_id)
);
-- Table Definition for production_country
CREATE TABLE IF NOT EXISTS public.production_country (
    imdb_id VARCHAR(20) NOT NULL,
    iso_3166_1 VARCHAR(3) NOT NULL,
    PRIMARY KEY (imdb_id, iso_3166_1)
);
-- Sequence and defined type for ratings
CREATE SEQUENCE IF NOT EXISTS ratings_id_seq;
-- Table Definition for ratings
CREATE TABLE IF NOT EXISTS public.ratings (
    id SERIAL PRIMARY KEY,
    value VARCHAR(255),
    source VARCHAR(255),
    created_at TIMESTAMP DEFAULT CURRENT_TIMESTAMP
);
-- Sequence and defined type for show_seats
CREATE SEQUENCE IF NOT EXISTS show_seats_id_seq;
-- Table Definition for show_seats
CREATE TABLE IF NOT EXISTS public.show_seats (
    id SERIAL PRIMARY KEY,
    status SMALLINT,
    auditorium_seat_id BIGINT,
    ticket_id BIGINT
);
-- Sequence and defined type for shows
CREATE SEQUENCE IF NOT EXISTS shows_show_id_seq;
-- Table Definition for shows
CREATE TABLE IF NOT EXISTS public.shows (
    id SERIAL PRIMARY KEY,
    date DATE,
    end_time TIME,
    start_time TIME,
    auditorium_id BIGINT,
    imdb_id VARCHAR(20),
    created_at TIMESTAMP DEFAULT CURRENT_TIMESTAMP,
    updated_at TIMESTAMP DEFAULT CURRENT_TIMESTAMP
);
-- Sequence and defined type for tickets
CREATE SEQUENCE IF NOT EXISTS tickets_id_seq;
-- Table Definition for tickets
CREATE TABLE IF NOT EXISTS public.tickets (
    id SERIAL PRIMARY KEY,
    number_of_seats INTEGER,
    status SMALLINT,
    timestamp TIMESTAMP,
    show_id BIGINT,
    user_id BIGINT,
    created_at TIMESTAMP NOT NULL DEFAULT CURRENT_TIMESTAMP,
    updated_at TIMESTAMP NOT NULL DEFAULT CURRENT_TIMESTAMP
);
-- Sequence and defined type for users
CREATE SEQUENCE IF NOT EXISTS users_user_id_seq;
-- Table Definition for users
CREATE TABLE "public"."users" (
    "id" int8 NOT NULL DEFAULT nextval('users_user_id_seq'::regclass),
    "name" varchar(255),
    "gender" varchar(255),
    "email" varchar(255),
    "password" varchar(255),
    "phone_number" int8,
    "date_of_birth" date,
    "tier" varchar(255) NOT NULL DEFAULT USER,
    "salt" varchar(255),
    "status" int4 NOT NULL DEFAULT 1,
    "created_at" timestamp DEFAULT CURRENT_TIMESTAMP,
    "updated_at" timestamp DEFAULT CURRENT_TIMESTAMP,
    PRIMARY KEY ("id")
);
-- Function for updating the updated_at column in the users table
CREATE OR REPLACE FUNCTION public.update_updated_at_user_task() RETURNS TRIGGER AS $$ BEGIN NEW.updated_at = CURRENT_TIMESTAMP;
RETURN NEW;
END;
$$ LANGUAGE plpgsql;
-- Trigger to automatically update the updated_at column in the users table
CREATE TRIGGER update_users_updated_at BEFORE
UPDATE ON public.users FOR EACH ROW EXECUTE FUNCTION public.update_updated_at_user_task();
-- Sample data for the users table
INSERT INTO "public"."users" (
        "id",
        "name",
        "gender",
        "email",
        "password",
        "phone_number",
        "date_of_birth",
        "tier",
        "salt",
        "status",
        "created_at",
        "updated_at"
    )
VALUES (
        1,
        'Alice',
        'Female',
        'alice@example.com',
        'password123',
        1234567890,
        '2000-01-15',
        'MEMBER',
        NULL,
        1,
        '2024-04-30 01:31:27.287309',
        '2024-04-30 01:31:27.304948'
    ),
    (
        2,
        'Bob',
        'Male',
        'bob@example.com',
        'pass456',
        9876543210,
        '1995-08-22',
        'MEMBER',
        NULL,
        1,
        '2024-04-30 01:31:27.287309',
        '2024-04-30 01:31:27.304948'
    ),
    (
        3,
        'Charlie',
        'Male',
        'charlie@example.com',
        '123pass',
        5555555555,
        '1998-05-10',
        'MEMBER',
        NULL,
        1,
        '2024-04-30 01:31:27.287309',
        '2024-04-30 01:31:27.304948'
    ),
    (
        4,
        'Bob Johnson',
        'Male',
        'bob.johnson@example.com',
        'pass456',
        1112223333,
        '1982-07-08',
        'MEMBER',
        NULL,
        1,
        '2024-04-30 01:31:27.287309',
        '2024-04-30 01:31:27.304948'
    ),
    (
        5,
        'Emily Davis',
        'Female',
        'emily.davis@example.com',
        'letmein',
        4443332222,
        '1998-03-20',
        'VIP',
        NULL,
        1,
        '2024-04-30 01:31:27.287309',
        '2024-04-30 01:31:27.304948'
    ),
    (
        6,
        'Charlie Brown',
        'Male',
        'charlie.brown@example.com',
        'peanuts',
        7778889999,
        '1975-12-05',
        'MEMBER',
        NULL,
        1,
        '2024-04-30 01:31:27.287309',
        '2024-04-30 01:31:27.304948'
    ),
    (
        7,
        'Eva Martinez',
        'Female',
        'eva.martinez@example.com',
        'eva123',
        6667778888,
        '1993-09-18',
        'MEMBER',
        NULL,
        1,
        '2024-04-30 01:31:27.287309',
        '2024-04-30 01:31:27.304948'
    ),
    (
        8,
        'George White',
        'Male',
        'george.white@example.com',
        'georgepass',
        2221114444,
        '1980-06-12',
        'VIP',
        NULL,
        1,
        '2024-04-30 01:31:27.287309',
        '2024-04-30 01:31:27.304948'
    ),
    (
        9,
        'Olivia Turner',
        'Female',
        'olivia.turner@example.com',
        'olivia456',
        3334445555,
        '1978-04-25',
        'ADMIN',
        NULL,
        1,
        '2024-04-30 01:31:27.287309',
        '2024-04-30 01:31:27.304948'
    ),
    (
        10,
        'David Lee',
        'Male',
        'david.lee@example.com',
        'davidpass',
        8889990000,
        '1992-09-30',
        'VIP',
        NULL,
        1,
        '2024-04-30 01:31:27.287309',
        '2024-04-30 01:31:27.304948'
    ),
    (
        11,
        'Sophia Kim',
        'Female',
        'sophia.kim@example.com',
        'sophia123',
        1239876543,
        '1985-11-08',
        'MEMBER',
        NULL,
        1,
        '2024-04-30 01:31:27.287309',
        '2024-04-30 01:31:27.304948'
    ),
    (
        12,
        'Michael Smith',
        'Male',
        'michael.smith@example.com',
        'mikepass',
        9991112222,
        '1973-02-17',
        'MEMBER',
        NULL,
        1,
        '2024-04-30 01:31:27.287309',
        '2024-04-30 01:31:27.304948'
    ),
    (
        13,
        'Grace Miller',
        'Female',
        'grace.miller@example.com',
        'gracepass',
        7778889999,
        '1990-08-03',
        'ADMIN',
        NULL,
        1,
        '2024-04-30 01:31:27.287309',
        '2024-04-30 01:31:27.304948'
    ),
    (
        14,
        'Nguyen Van A',
        'Male',
        'nguyenvana@gmail.com',
        '12345678',
        123456,
        '2003-10-07',
        'MEMBER',
        NULL,
        1,
        '2024-04-30 01:31:27.287309',
        '2024-04-30 01:31:27.304948'
    ),
    (
        15,
        'Nguyen Van A',
        'Male',
        'nguyenvanaBC@gmail.com',
        '12345678',
        123456,
        '2003-10-07',
        'MEMBER',
        NULL,
        1,
        '2024-04-30 01:31:27.287309',
        '2024-04-30 01:31:27.304948'
    ),
    (
        16,
        'Nguyen Van A',
        'Male',
        'nguyenvabcd@gmail.com',
        '12345678',
        123456,
        '2003-10-07',
        'MEMBER',
        NULL,
        1,
        '2024-04-30 01:31:27.287309',
        '2024-04-30 01:31:27.304948'
    ),
    (
        17,
        'test',
        NULL,
        'nn@nn.com',
        '834267424243b5959036ec49adca19ca',
        NULL,
        NULL,
        'admin',
        'sSWMTduZdctwwnmPpKebIJLCKGLqHrsfkIYYijtfuNdepUUaNL',
        1,
        '2024-04-30 08:46:27.99509',
        '2024-04-30 01:46:27.995218'
    );
-- Sample data for the genres table
INSERT INTO "public"."genres" ("id", "name")
VALUES (28, 'Action'),
    (12, 'Adventure'),
    (16, 'Animation'),
    (35, 'Comedy'),
    (80, 'Crime'),
    (99, 'Documentary'),
    (18, 'Drama'),
    (10751, 'Family'),
    (14, 'Fantasy'),
    (36, 'History'),
    (27, 'Horror'),
    (10402, 'Music'),
    (9648, 'Mystery'),
    (10749, 'Romance'),
    (878, 'Science Fiction'),
    (10770, 'TV Movie'),
    (53, 'Thriller'),
    (10752, 'War'),
    (37, 'Western');
-- Sample data for the languages table
INSERT INTO "public"."languages" ("iso_639_1", "english_name", "name")
VALUES ('es', 'Spanish', 'Español'),
    ('pt', 'Portuguese', 'Português'),
    ('el', 'Greek', 'Ελληνικά'),
    ('pl', 'Polish', 'Polski'),
    ('fi', 'Finnish', 'Suomi'),
    ('da', 'Danish', 'Dansk'),
    ('no', 'Norwegian', 'Norsk'),
    ('hu', 'Hungarian', 'Magyar'),
    ('cs', 'Czech', 'Čeština'),
    ('sk', 'Slovak', 'Slovenčina'),
    ('ro', 'Romanian', 'Română'),
    ('bg', 'Bulgarian', 'Български'),
    ('hr', 'Croatian', 'Hrvatski'),
    ('uk', 'Ukrainian', 'Українська'),
    ('zh', 'Chinese', '中文'),
    ('ja', 'Japanese', '日本語'),
    ('ko', 'Korean', '한국어'),
    ('th', 'Thai', 'ไทย'),
    ('id', 'Indonesian', 'Bahasa Indonesia'),
    ('ms', 'Malay', 'Bahasa Melayu'),
    ('tl', 'Tagalog', 'Filipino'),
    ('hi', 'Hindi', 'हिन्दी'),
    ('bn', 'Bengali', 'বাংলা'),
    ('ur', 'Urdu', 'اردو'),
    ('fa', 'Persian', 'فارسی'),
    ('ar', 'Arabic', 'العربية'),
    ('tr', 'Turkish', 'Türkçe'),
    ('te', 'Telugu', 'తెలుగు'),
    ('ta', 'Tamil', 'தமிழ்'),
    ('mr', 'Marathi', 'मराठी'),
    ('pa', 'Punjabi', 'ਪੰਜਾਬੀ'),
    ('gu', 'Gujarati', 'ગુજરાતી'),
    ('kn', 'Kannada', 'ಕನ್ನಡ'),
    ('ml', 'Malayalam', 'മലയാളം'),
    ('si', 'Sinhala', 'සිංහල'),
    ('ne', 'Nepali', 'नेपाली'),
    ('my', 'Burmese', 'မြန်မာ'),
    ('km', 'Khmer', 'ភាសាខ្មែរ'),
    ('lo', 'Lao', 'ພາສາລາວ'),
    ('mn', 'Mongolian', 'Монгол'),
    ('uz', 'Uzbek', 'Oʻzbek'),
    ('ky', 'Kyrgyz', 'Кыргызча'),
    ('tk', 'Turkmen', 'Türkmen'),
    ('ka', 'Georgian', 'ქართული'),
    ('nl', 'Dutch', 'Nederlands'),
    ('vi', 'Vietnamese', 'Tiếng Việt'),
    ('en', 'English', 'English'),
    ('fr', 'French', 'Français'),
    ('de', 'German', 'Deutsch'),
    ('sv', 'Swedish', 'svenska'),
    ('it', 'Italian', 'Italiano'),
    ('ru', 'Russian', 'Pусский'),
    ('la', 'Latin', 'Latin'),
    ('he', 'Hebrew', 'עִבְרִית');
-- Sample data for the countries table
INSERT INTO "public"."countries" ("iso_3166_1", "name")
VALUES ('AL', 'Albania'),
    ('AT', 'Austria'),
    ('US', 'United States of America'),
    ('BA', 'Bosnia and Herzegovina'),
    ('BE', 'Belgium'),
    ('BG', 'Bulgaria'),
    ('CH', 'Switzerland'),
    ('DZ', 'Algeria'),
    ('CZ', 'Czech Republic'),
    ('AO', 'Angola'),
    ('BJ', 'Benin'),
    ('BW', 'Botswana'),
    ('DE', 'Germany'),
    ('DK', 'Denmark'),
    ('EE', 'Estonia'),
    ('MX', 'Mexico'),
    ('ES', 'Spain'),
    ('FI', 'Finland'),
    ('FR', 'France'),
    ('GB', 'United Kingdom'),
    ('GR', 'Greece'),
    ('HR', 'Croatia'),
    ('HU', 'Hungary'),
    ('BF', 'Burkina Faso'),
    ('IE', 'Ireland'),
    ('CA', 'Czech Republic'),
    ('IS', 'Iceland'),
    ('IT', 'Italy'),
    ('LT', 'Lithuania'),
    ('LU', 'Luxembourg'),
    ('LV', 'Latvia'),
    ('ME', 'Montenegro'),
    ('BI', 'Burundi'),
    ('MK', 'North Macedonia'),
    ('MT', 'Malta'),
    ('NL', 'Netherlands'),
    ('AS', 'American Samoa'),
    ('CV', 'Cabo Verde'),
    ('CM', 'Cameroon'),
    ('AU', 'Australia'),
    ('NO', 'Norway'),
    ('PL', 'Poland'),
    ('PT', 'Portugal'),
    ('RO', 'Romania'),
    ('RS', 'Serbia'),
    ('SI', 'Slovenia'),
    ('SK', 'Slovakia'),
    ('SE', 'Sweden'),
    ('AF', 'Afghanistan'),
    ('BZ', 'Belize'),
    ('CR', 'Costa Rica'),
    ('SV', 'El Salvador'),
    ('GT', 'Guatemala'),
    ('HN', 'Honduras'),
    ('NI', 'Nicaragua'),
    ('PA', 'Panama'),
    ('CU', 'Cuba'),
    ('DO', 'Dominican Republic'),
    ('AR', 'Argentina'),
    ('BR', 'Brazil'),
    ('CL', 'Chile'),
    ('CO', 'Colombia'),
    ('EC', 'Ecuador'),
    ('GY', 'Guyana'),
    ('PE', 'Peru'),
    ('SR', 'Suriname'),
    ('VE', 'Venezuela'),
    ('BO', 'Bolivia'),
    ('PY', 'Paraguay'),
    ('UY', 'Uruguay'),
    ('FK', 'Falkland Islands'),
    ('GF', 'French Guiana'),
    (
        'GS',
        'South Georgia and the South Sandwich Islands'
    ),
    ('CF', 'Central African Republic'),
    ('TD', 'Chad'),
    ('KM', 'Comoros'),
    ('CG', 'Congo'),
    ('CD', 'Democratic Republic of the Congo'),
    ('DJ', 'Djibouti'),
    ('EG', 'Egypt'),
    ('GQ', 'Equatorial Guinea'),
    ('ER', 'Eritrea'),
    ('ET', 'Ethiopia'),
    ('RU', 'Russia'),
    ('GA', 'Gabon'),
    ('GM', 'Gambia'),
    ('GH', 'Ghana'),
    ('GN', 'Guinea'),
    ('GW', 'Guinea-Bissau'),
    ('CI', 'Ivory Coast'),
    ('MD', 'Moldova'),
    ('AM', 'Armenia'),
    ('AZ', 'Azerbaijan'),
    ('BH', 'Bahrain'),
    ('BD', 'Bangladesh'),
    ('BT', 'Bhutan'),
    ('BN', 'Brunei'),
    ('KH', 'Cambodia'),
    ('CN', 'China'),
    ('CY', 'Cyprus'),
    ('GE', 'Georgia'),
    ('IN', 'India'),
    ('ID', 'Indonesia'),
    ('IR', 'Iran'),
    ('IQ', 'Iraq'),
    ('IL', 'Israel'),
    ('JP', 'Japan'),
    ('JO', 'Jordan'),
    ('KZ', 'Kazakhstan'),
    ('KW', 'Kuwait'),
    ('KG', 'Kyrgyzstan'),
    ('LA', 'Laos'),
    ('LB', 'Lebanon'),
    ('MY', 'Malaysia'),
    ('MV', 'Maldives'),
    ('MN', 'Mongolia'),
    ('MM', 'Myanmar'),
    ('NP', 'Nepal'),
    ('KP', 'North Korea'),
    ('OM', 'Oman'),
    ('PK', 'Pakistan'),
    ('PS', 'Palestine'),
    ('PH', 'Philippines'),
    ('QA', 'Qatar'),
    ('SA', 'Saudi Arabia'),
    ('SG', 'Singapore'),
    ('KR', 'South Korea'),
    ('LK', 'Sri Lanka'),
    ('SY', 'Syria'),
    ('TW', 'Taiwan'),
    ('TJ', 'Tajikistan'),
    ('TH', 'Thailand'),
    ('TR', 'Turkey'),
    ('TM', 'Turkmenistan'),
    ('AE', 'United Arab Emirates'),
    ('UZ', 'Uzbekistan'),
    ('YE', 'Yemen'),
    ('KE', 'Kenya'),
    ('LS', 'Lesotho'),
    ('LR', 'Liberia'),
    ('LY', 'Libya'),
    ('MG', 'Madagascar'),
    ('MW', 'Malawi'),
    ('ML', 'Mali'),
    ('MR', 'Mauritania'),
    ('MU', 'Mauritius'),
    ('MA', 'Morocco'),
    ('MZ', 'Mozambique'),
    ('NA', 'Namibia'),
    ('NE', 'Niger'),
    ('NG', 'Nigeria'),
    ('RW', 'Rwanda'),
    ('ST', 'Sao Tome and Principe'),
    ('SN', 'Senegal'),
    ('SC', 'Seychelles'),
    ('SL', 'Sierra Leone'),
    ('SO', 'Somalia'),
    ('ZA', 'South Africa'),
    ('SS', 'South Sudan'),
    ('SD', 'Sudan'),
    ('SZ', 'Eswatini'),
    ('TZ', 'Tanzania'),
    ('TG', 'Togo'),
    ('TN', 'Tunisia'),
    ('UG', 'Uganda'),
    ('ZM', 'Zambia'),
    ('ZW', 'Zimbabwe'),
    ('CK', 'Cook Islands'),
    ('FJ', 'Fiji'),
    ('PF', 'French Polynesia'),
    ('GU', 'Guam'),
    ('KI', 'Kiribati'),
    ('MH', 'Marshall Islands'),
    ('FM', 'Micronesia'),
    ('NR', 'Nauru'),
    ('NC', 'New Caledonia'),
    ('NZ', 'New Zealand'),
    ('NU', 'Niue'),
    ('NF', 'Norfolk Island'),
    ('MP', 'Northern Mariana Islands'),
    ('PW', 'Palau'),
    ('PG', 'Papua New Guinea'),
    ('PN', 'Pitcairn Islands'),
    ('WS', 'Samoa'),
    ('SB', 'Solomon Islands'),
    ('TO', 'Tonga'),
    ('TV', 'Tuvalu'),
    ('VU', 'Vanuatu'),
    ('VN', 'Vietnam'),
    ('WF', 'Wallis and Futuna');
-- Sample data for the companies table
INSERT INTO "public"."companies" ("id", "name", "logo_path")
VALUES (
        25,
        '20th Century Fox',
        '/qZCc1lty5FzX30aOCVRBLzaVmcp.png'
    ),
    (
        574,
        'Lightstorm Entertainment',
        '/nLNW1TeFUYU0M5U0qmYUzOIwlB6.png'
    ),
    (
        4,
        'Paramount',
        '/gz66EfNoYPqHTYI4q9UEN4CbHRc.png'
    ),
    (
        9996,
        'Syncopy',
        '/3tvBqYsBhxWeHlu62SIJ1el93O7.png'
    ),
    (
        33,
        'Universal Pictures',
        '/8lvHyhjr8oUKOOy2dKXoALWKdp0.png'
    ),
    (
        507,
        'Atlas Entertainment',
        '/aRmHe6GWxYMRCQljF75rn2B9Gv8.png'
    ),
    (
        81121,
        'Imperative Entertainment',
        '/yX4flP3T5bZuOQ8Qdw8XuoELU53.png'
    ),
    (23243, 'Sikelia Productions', NULL),
    (
        562,
        'Appian Way',
        '/azANEzu3H3Kztzt63sdjvlzxhuB.png'
    ),
    (
        82968,
        'LuckyChap Entertainment',
        '/gRROMOG5bpF6TIDMbfaa5gnFFzl.png'
    ),
    (
        437,
        'Heyday Films',
        '/nu20mtwbEIhUNnQ5NXVhHsNknZj.png'
    ),
    (181486, 'NB/GG Pictures', NULL),
    (
        6220,
        'Mattel',
        '/cAj69EL1zSXmZH6STbMGZrunyMD.png'
    ),
    (147425, 'HK Films', NULL),
    (152083, 'Galaxy Studio', NULL),
    (152082, 'Trấn Thành Town', NULL),
    (187518, 'Kim Entertainment', NULL),
    (3, 'Pixar', '/bqGuVkQKYSGixzO9YA6q8PCIWjT.png'),
    (
        2,
        'Walt Disney Pictures',
        '/wdrCwmRnLFJhEoH8GSfymY85KHT.png'
    ),
    (
        1645,
        'Scott Free Productions',
        '/6Ry6uNBaa0IbbSs1XYIgX5DkA9r.png'
    ),
    (
        19108,
        'Latina Pictures',
        '/jWhpxFZd02PbcFtUSiCraifRZTC.png'
    ),
    (
        194232,
        'Apple Studios',
        '/oE7H93u8sy5vvW5EH3fpCp68vvB.png'
    ),
    (21920, 'The Steve Tisch Company', NULL),
    (412, 'Wendy Finerman Productions', NULL),
    (
        79,
        'Village Roadshow Pictures',
        '/at4uYdwAAgNRKhZuuFX8ShKSybw.png'
    ),
    (
        214904,
        'The Roald Dahl Story Company',
        '/9S6xSAsUiE1zuKzxayco7fD0p26.png'
    ),
    (
        174,
        'Warner Bros. Pictures',
        '/9tefnXnJLGQL97cxs6S3EWEhVyx.png'
    ),
    (882, 'TOHO', '/iDw9Xxok1d9WAM2zFicI8p3khTH.png'),
    (
        182161,
        'TOHO Studios',
        '/wvG4lK0m76M6jK8WbWkXNecA7SP.png'
    ),
    (
        12386,
        'Robot Communications',
        '/oxvw2Mrq3GcTxFc2mlT7E5tpek7.png'
    ),
    (
        10342,
        'Studio Ghibli',
        '/eS79pslnoKbWg7t3PMA9ayl0bGs.png'
    ),
    (
        127929,
        'Searchlight Pictures',
        '/fCB4AVYvxxDvqumgYqsN6ehyN3G.png'
    ),
    (
        6705,
        'Film4 Productions',
        '/e8EXNSfwr5E9d3TR8dHKbQnQK4W.png'
    ),
    (
        22213,
        'TSG Entertainment',
        '/qx9K6bFWJupwde0xQDwOvXkOaL8.png'
    ),
    (
        3353,
        'Element Pictures',
        '/qv2v9HaStUTRjqonODM29YG0oFX.png'
    ),
    (72597, 'Limp', NULL),
    (
        138287,
        'Fruit Tree',
        '/3I1k679J7ZLQtVFM23dJhFZQQCH.png'
    ),
    (
        521,
        'DreamWorks Animation',
        '/kP7t6RwGz2AvvTkvnI1uteEwHet.png'
    ),
    (
        69922,
        'Taylor Swift Productions',
        '/afnIZUPqGAmPh9rFncRGA2vEVwx.png'
    ),
    (
        154630,
        'Silent House Productions',
        '/edV49cPtxk0z7sKczI5kHXhCi4m.png'
    ),
    (11565, 'The Safran Company', NULL),
    (
        76907,
        'Atomic Monster',
        '/ygMQtjsKX7BZkCQhQZY82lgnCUO.png'
    ),
    (
        128064,
        'DC Films',
        '/13F3Jf7EFAcREU0xzZqJnVnyGXu.png'
    ),
    (
        23291,
        'Vendôme Production',
        '/rQMbm0oFbxreRQmgzgQlCQ6DDwQ.png'
    ),
    (128787, 'Daidai Films', NULL),
    (
        83,
        'France 2 Cinéma',
        '/9OQ0rm55xtlgX7KcAKMUePJSrQc.png'
    ),
    (
        7981,
        'Pathé',
        '/6Yv1gIAuGkHS5Vis4UjnqHhCPWV.png'
    ),
    (
        78298,
        'Belga Productions',
        '/9U7x4fLDn8EVEZTc4usYeJV1uHF.png'
    ),
    (
        56,
        'Amblin Entertainment',
        '/cEaxANEisCqeEoRvODv2dO1I0iI.png'
    ),
    (41077, 'A24', '/1ZXsGaFPgrgS6ZZGS37AqD5uU12.png'),
    (
        288,
        'BBC Film',
        '/aW0IpM9d4Zjj978EqgDVSxXXhTj.png'
    ),
    (
        103376,
        'Access Entertainment',
        '/zIFWe4fwWURazXSjz9tF60ihgbH.png'
    ),
    (
        112783,
        'House Productions',
        '/g95BBJvKyOawT3sGVXTdDG72Qad.png'
    ),
    (
        420,
        'Marvel Studios',
        '/hUzeosd33nzE5MCNsZxCGEKTXaQ.png'
    ),
    (176762, 'Kevin Feige Productions', NULL);
-- Sample data for the people table
INSERT INTO "public"."people" ("id", "name", "role")
VALUES (1, 'Leonardo DiCaprio', 'actor'),
    (2, 'Kate Winslet', 'actor'),
    (3, 'Billy Zane', 'actor'),
    (4, 'James Cameron', 'director'),
    (5, 'James Cameron', 'writer'),
    (6, 'Vanessa Kirby', 'actor'),
    (7, 'Joaquin Phoenix', 'actor'),
    (8, 'Ludivine Sagnier', 'actor'),
    (9, 'Ridley Scott', 'director'),
    (10, 'David Scarpa', 'writer'),
    (11, 'Vanessa Kirby', 'actor'),
    (12, 'Joaquin Phoenix', 'actor'),
    (13, 'Ludivine Sagnier', 'actor'),
    (14, 'Ridley Scott', 'director'),
    (15, 'David Scarpa', 'writer'),
    (16, 'Cillian Murphy', 'actor'),
    (17, 'Emily Blunt', 'actor'),
    (18, 'Matt Damon', 'actor'),
    (19, 'Christopher Nolan', 'director'),
    (20, 'Christopher Nolan', 'writer'),
    (21, 'Kai Bird', 'writer'),
    (22, 'Martin Sherwin', 'writer'),
    (23, 'Leonardo DiCaprio', 'actor'),
    (24, 'Robert De Niro', 'actor'),
    (25, 'Lily Gladstone', 'actor'),
    (26, 'Martin Scorsese', 'director'),
    (27, 'Eric Roth', 'writer'),
    (28, 'Martin Scorsese', 'writer'),
    (29, 'David Grann', 'writer'),
    (30, 'Leonardo DiCaprio', 'actor'),
    (31, 'Robert De Niro', 'actor'),
    (32, 'Lily Gladstone', 'actor'),
    (33, 'Martin Scorsese', 'director'),
    (34, 'Eric Roth', 'writer'),
    (35, 'Martin Scorsese', 'writer'),
    (36, 'David Grann', 'writer'),
    (37, 'Margot Robbie', 'actor'),
    (38, 'Ryan Gosling', 'actor'),
    (39, 'Issa Rae', 'actor'),
    (40, 'Greta Gerwig', 'director'),
    (41, 'Greta Gerwig', 'writer'),
    (42, 'Noah Baumbach', 'writer'),
    (43, 'Margot Robbie', 'actor'),
    (44, 'Ryan Gosling', 'actor'),
    (45, 'Issa Rae', 'actor'),
    (46, 'Greta Gerwig', 'director'),
    (47, 'Greta Gerwig', 'writer'),
    (48, 'Noah Baumbach', 'writer'),
    (49, 'Bang Di', 'actor'),
    (50, 'Hong-Anh', 'actor'),
    (51, 'Vi Van Hua', 'actor'),
    (52, 'Quang Dung Nguyen', 'director'),
    (54, 'Bang Di', 'actor'),
    (55, 'Hong-Anh', 'actor'),
    (56, 'Vi Van Hua', 'actor'),
    (57, 'Quang Dung Nguyen', 'director'),
    (59, 'Chris Evans', 'actor'),
    (60, 'Keke Palmer', 'actor'),
    (61, 'Peter Sohn', 'actor'),
    (62, 'Angus MacLane', 'director'),
    (63, 'Angus MacLane', 'writer'),
    (64, 'Matthew Aldrich', 'writer'),
    (65, 'Jason Headley', 'writer'),
    (66, 'Chris Evans', 'actor'),
    (67, 'Keke Palmer', 'actor'),
    (68, 'Peter Sohn', 'actor'),
    (69, 'Angus MacLane', 'director'),
    (70, 'Angus MacLane', 'writer'),
    (71, 'Matthew Aldrich', 'writer'),
    (72, 'Jason Headley', 'writer'),
    (73, 'Vanessa Kirby', 'actor'),
    (74, 'Joaquin Phoenix', 'actor'),
    (75, 'Ludivine Sagnier', 'actor'),
    (76, 'Ridley Scott', 'director'),
    (77, 'David Scarpa', 'writer'),
    (78, 'Vanessa Kirby', 'actor'),
    (79, 'Joaquin Phoenix', 'actor'),
    (80, 'Ludivine Sagnier', 'actor'),
    (81, 'Ridley Scott', 'director'),
    (82, 'David Scarpa', 'writer'),
    (83, 'Leonardo DiCaprio', 'actor'),
    (84, 'Kate Winslet', 'actor'),
    (85, 'Billy Zane', 'actor'),
    (86, 'James Cameron', 'director'),
    (87, 'James Cameron', 'writer'),
    (88, 'Leonardo DiCaprio', 'actor'),
    (89, 'Kate Winslet', 'actor'),
    (90, 'Billy Zane', 'actor'),
    (91, 'James Cameron', 'director'),
    (92, 'James Cameron', 'writer'),
    (93, 'Leonardo DiCaprio', 'actor'),
    (94, 'Kate Winslet', 'actor'),
    (95, 'Billy Zane', 'actor'),
    (96, 'James Cameron', 'director'),
    (97, 'James Cameron', 'writer'),
    (98, 'Leonardo DiCaprio', 'actor'),
    (99, 'Robert De Niro', 'actor'),
    (100, 'Lily Gladstone', 'actor'),
    (101, 'Martin Scorsese', 'director'),
    (102, 'Eric Roth', 'writer'),
    (103, 'Martin Scorsese', 'writer'),
    (104, 'David Grann', 'writer'),
    (105, 'Leonardo DiCaprio', 'actor'),
    (106, 'Robert De Niro', 'actor'),
    (107, 'Lily Gladstone', 'actor'),
    (108, 'Martin Scorsese', 'director'),
    (109, 'Eric Roth', 'writer'),
    (110, 'Martin Scorsese', 'writer'),
    (111, 'David Grann', 'writer'),
    (112, 'Tom Hanks', 'actor'),
    (113, 'Robin Wright', 'actor'),
    (114, 'Gary Sinise', 'actor'),
    (115, 'Robert Zemeckis', 'director'),
    (116, 'Winston Groom', 'writer'),
    (117, 'Eric Roth', 'writer'),
    (118, 'Timothée Chalamet', 'actor'),
    (119, 'Olivia Colman', 'actor'),
    (120, 'Hugh Grant', 'actor'),
    (121, 'Paul King', 'director'),
    (122, 'Simon Farnaby', 'writer'),
    (123, 'Paul King', 'writer'),
    (124, 'Roald Dahl', 'writer'),
    (125, 'Minami Hamabe', 'actor'),
    (126, 'Sakura Ando', 'actor'),
    (127, 'Ryunosuke Kamiki', 'actor'),
    (128, 'Takashi Yamazaki', 'director'),
    (129, 'Takashi Yamazaki', 'writer'),
    (130, 'Soma Santoki', 'actor'),
    (131, 'Masaki Suda', 'actor'),
    (132, 'Kô Shibasaki', 'actor'),
    (133, 'Hayao Miyazaki', 'director'),
    (134, 'Hayao Miyazaki', 'writer'),
    (135, 'Emma Stone', 'actor'),
    (136, 'Mark Ruffalo', 'actor'),
    (137, 'Willem Dafoe', 'actor'),
    (138, 'Yorgos Lanthimos', 'director'),
    (139, 'Tony McNamara', 'writer'),
    (140, 'Alasdair Gray', 'writer'),
    (141, 'Antonio Banderas', 'actor'),
    (142, 'Salma Hayek', 'actor'),
    (143, 'Harvey Guillén', 'actor'),
    (144, 'Joel Crawford', 'director'),
    (145, 'Januel Mercado', 'director'),
    (146, 'Paul Fisher', 'writer'),
    (147, 'Tommy Swerdlow', 'writer'),
    (148, 'Tom Wheeler', 'writer'),
    (149, 'Taylor Swift', 'actor'),
    (150, 'Mike Meadows', 'actor'),
    (151, 'Max Bernstein', 'actor'),
    (152, 'Sam Wrench', 'director'),
    (153, NULL, 'writer'),
    (154, 'Jason Momoa', 'actor'),
    (155, 'Patrick Wilson', 'actor'),
    (156, 'Yahya Abdul-Mateen II', 'actor'),
    (157, 'James Wan', 'director'),
    (158, 'David Leslie Johnson-McGoldrick', 'writer'),
    (159, 'James Wan', 'writer'),
    (160, 'Jason Momoa', 'writer'),
    (161, 'Daniel Auteuil', 'actor'),
    (162, 'Gilles Lellouche', 'actor'),
    (163, 'Sara Giraudeau', 'actor'),
    (164, 'Fred Cavayé', 'director'),
    (165, 'Fred Cavayé', 'writer'),
    (166, 'Jean-Philippe Daguerre', 'writer'),
    (167, 'Sarah Kaminsky', 'writer'),
    (168, 'Liam Neeson', 'actor'),
    (169, 'Ralph Fiennes', 'actor'),
    (170, 'Ben Kingsley', 'actor'),
    (171, 'Steven Spielberg', 'director'),
    (172, 'Thomas Keneally', 'writer'),
    (173, 'Steven Zaillian', 'writer'),
    (174, 'Zac Efron', 'actor'),
    (175, 'Jeremy Allen White', 'actor'),
    (176, 'Harris Dickinson', 'actor'),
    (177, 'Sean Durkin', 'director'),
    (178, 'Sean Durkin', 'writer'),
    (179, 'Brie Larson', 'actor'),
    (180, 'Teyonah Parris', 'actor'),
    (181, 'Iman Vellani', 'actor'),
    (182, 'Nia DaCosta', 'director'),
    (183, 'Nia DaCosta', 'writer'),
    (184, 'Megan McDonnell', 'writer'),
    (185, 'Elissa Karasik', 'writer');
-- Sample data for the movies table
INSERT INTO "public"."movies" (
        "imdb_id",
        "awards",
        "dvd",
        "imdb_rating",
        "imdb_votes",
        "metascore",
        "original_title",
        "plot",
        "poster",
        "rated",
        "released",
        "runtime",
        "tagline",
        "title",
        "type",
        "website",
        "year",
        "production",
        "tmdb_id",
        "box_office"
    )
VALUES (
        'tt9663764',
        NULL,
        NULL,
        NULL,
        NULL,
        NULL,
        'Aquaman and the Lost Kingdom',
        'Black Manta, still driven by the need to avenge his father''s death and wielding the power of the mythic Black Trident, will stop at nothing to take Aquaman down once and for all. To defeat him, Aquaman must turn to his imprisoned brother Orm, the former King of Atlantis, to forge an unlikely alliance in order to save the world from irreversible destruction.',
        'https://image.tmdb.org/t/p/original/8xV47NDrjdZDpkVcCFqkdHa3T0C.jpg',
        'PG-13',
        '2023-12-20',
        124,
        'The tide is turning.',
        'Aquaman and the Lost Kingdom',
        'movie',
        'http://www.aquamanmovie.com',
        2023,
        NULL,
        572802,
        0
    ),
    (
        'tt10545704',
        '1 win',
        NULL,
        7,
        2,
        NULL,
        'Adieu Monsieur Haffmann',
        'Paris 1942. François Mercier is an ordinary man who only aspires to start a family with the woman he loves, Blanche. He is also the employee of a talented jeweler, Mr. Haffmann. But faced with the German occupation, the two men will have no other choice but to conclude an agreement whose consequences, over the months, will upset the fate of our three characters.',
        'https://image.tmdb.org/t/p/original/7PnzcmLH5j4gek0Z8OT3uTilAQT.jpg',
        'TV-14',
        '2022-01-12',
        115,
        NULL,
        'Farewell Mister Haffmann',
        'movie',
        NULL,
        2022,
        NULL,
        670243,
        0
    ),
    (
        'tt0108052',
        'Won 7 Oscars. 91 wins & 49 nominations total',
        '05 Mar 2013',
        9,
        1,
        95,
        'Schindler''s List',
        'The true story of how businessman Oskar Schindler saved over a thousand Jewish lives from the Nazis while they worked as slaves in his factory during World War II.',
        'https://image.tmdb.org/t/p/original/sF1U4EUQS8YHUYjNl3pMGNIQyr0.jpg',
        'R',
        '1993-12-15',
        195,
        'Whoever saves one life, saves the world entire.',
        'Schindler''s List',
        'movie',
        'http://www.schindlerslist.com/',
        1993,
        NULL,
        424,
        321365567
    ),
    (
        'tt21064584',
        '2 wins & 3 nominations',
        NULL,
        NULL,
        NULL,
        NULL,
        'The Iron Claw',
        'The true story of the inseparable Von Erich brothers, who made history in the intensely competitive world of professional wrestling in the early 1980s. Through tragedy and triumph, under the shadow of their domineering father and coach, the brothers seek larger-than-life immortality on the biggest stage in sports.',
        'https://image.tmdb.org/t/p/original/lsdismtCDga4vsKnmliz0h7CaZT.jpg',
        NULL,
        '2023-12-21',
        132,
        'Sons. Brothers. Champions.',
        'The Iron Claw',
        'movie',
        'https://a24films.com/films/the-iron-claw',
        2023,
        NULL,
        850165,
        0
    ),
    (
        'tt5537002',
        '6 wins & 3 nominations',
        NULL,
        8,
        98,
        89,
        'Killers of the Flower Moon',
        'When oil is discovered in 1920s Oklahoma under Osage Nation land, the Osage people are murdered one by one—until the FBI steps in to unravel the mystery.',
        'https://image.tmdb.org/t/p/original/dB6Krk806zeqd0YNp2ngQ9zXteH.jpg',
        'R',
        '2023-10-18',
        206,
        'Greed is an animal that hungers for blood.',
        'Killers of the Flower Moon',
        'movie',
        'https://www.killersoftheflowermoonmovie.com',
        2023,
        NULL,
        466420,
        155500000
    ),
    (
        'tt15398776',
        '7 wins & 3 nominations',
        '21 Nov 2023',
        8.5,
        529,
        88,
        'Oppenheimer',
        'The story of J. Robert Oppenheimer''s role in the development of the atomic bomb during World War II.',
        'https://image.tmdb.org/t/p/original/8Gxv8gSFCU0XGDykEGv7zR1n2ua.jpg',
        'R',
        '2023-07-19',
        181,
        'The world forever changes.',
        'Oppenheimer',
        'movie',
        'http://www.oppenheimermovie.com',
        2023,
        NULL,
        872585,
        NULL
    ),
    (
        'tt1517268',
        '5 wins & 9 nominations',
        '12 Sep 2023',
        7,
        383,
        80,
        'Barbie',
        'Barbie and Ken are having the time of their lives in the colorful and seemingly perfect world of Barbie Land. However, when they get a chance to go to the real world, they soon discover the joys and perils of living among humans.',
        'https://image.tmdb.org/t/p/original/iuFNMS8U5cb6xfzi51Dbkovj7vM.jpg',
        'PG-13',
        '2023-07-19',
        114,
        'She''s everything. He''s just Ken.',
        'Barbie',
        'movie',
        'https://www.barbie-themovie.com',
        2023,
        NULL,
        346698,
        NULL
    ),
    (
        'tt29493007',
        NULL,
        NULL,
        NULL,
        86,
        NULL,
        'Đất Rừng Phương Nam',
        'The film version of the film is inherited and developed from the novel of the same name by writer Doan Gioi. The film tells the adventure journey of An - a boy who unfortunately lost his mother on the way to find his father. Together with An, the audience will experience the richness of nature and the unique cultural beauty of the land of Nam Ky Luc Tinh, the chivalrousness of the farmers clinging to the forest and the patriotism against the French first. 20th century.',
        'https://image.tmdb.org/t/p/original/apFcKjQlxzFj2MY9d0rxdyT0ykv.jpg',
        NULL,
        '2023-10-20',
        110,
        NULL,
        'Song Of The South',
        'movie',
        NULL,
        2023,
        NULL,
        1124863,
        NULL
    ),
    (
        'tt10298810',
        '2 wins & 22 nominations',
        '03 Aug 2022',
        6.1,
        120,
        60,
        'Lightyear',
        'Legendary Space Ranger Buzz Lightyear embarks on an intergalactic adventure alongside a group of ambitious recruits and his robot companion Sox.',
        'https://image.tmdb.org/t/p/original/b9t3w1loraDh7hjdWmpc9ZsaYns.jpg',
        'PG',
        '2022-06-15',
        105,
        'Infinity awaits.',
        'Lightyear',
        'movie',
        'https://movies.disney.com/lightyear',
        2022,
        NULL,
        718789,
        NULL
    ),
    (
        'tt0109830',
        'Won 6 Oscars. 50 wins & 74 nominations total',
        '01 Aug 2013',
        8.8,
        2,
        82,
        'Forrest Gump',
        'A man with a low IQ has accomplished great things in his life and been present during significant historic events—in each case, far exceeding what anyone imagined he could do. But despite all he has achieved, his one true love eludes him.',
        'https://image.tmdb.org/t/p/original/arw2vcBveWOVZr6pxd9XTd1TdQa.jpg',
        'PG-13',
        '1994-06-23',
        142,
        'The world will never be the same once you''ve seen it through the eyes of Forrest Gump.',
        'Forrest Gump',
        'movie',
        'https://www.paramountmovies.com/movies/forrest-gump',
        1994,
        NULL,
        13,
        677387716
    ),
    (
        'tt13287846',
        '1 nomination',
        NULL,
        NULL,
        NULL,
        NULL,
        'Napoleon',
        'An epic that details the checkered rise and fall of French Emperor Napoleon Bonaparte and his relentless journey to power through the prism of his addictive, volatile relationship with his wife, Josephine.',
        'https://image.tmdb.org/t/p/original/jE5o7y9K6pZtWNNMEw3IdpHuncR.jpg',
        'R',
        '2023-11-22',
        158,
        'He came from nothing. He conquered everything.',
        'Napoleon',
        'movie',
        'https://www.napoleon.movie',
        2023,
        NULL,
        753342,
        NULL
    ),
    (
        'tt14230458',
        '3 wins & 5 nominations',
        NULL,
        8.5,
        3,
        NULL,
        'Poor Things',
        'Brought back to life by an unorthodox scientist, a young woman runs off with a debauched lawyer on a whirlwind adventure across the continents. Free from the prejudices of her times, she grows steadfast in her purpose to stand for equality and liberation.',
        'https://image.tmdb.org/t/p/original/mPdeQ1H6IXDAXtwQ2EdQuSCNmwV.jpg',
        'R',
        '2023-12-07',
        141,
        'She''s like nothing you''ve ever seen.',
        'Poor Things',
        'movie',
        'https://www.searchlightpictures.com/films/poor-things',
        2023,
        NULL,
        792307,
        1400000
    ),
    (
        'tt0120338',
        'Won 11 Oscars. 126 wins & 83 nominations total',
        '01 Jun 2014',
        7.9,
        1,
        75,
        'Titanic',
        '101-year-old Rose DeWitt Bukater tells the story of her life aboard the Titanic, 84 years later. A young Rose boards the ship with her mother and fiancé. Meanwhile, Jack Dawson and Fabrizio De Rossi win third-class tickets aboard the ship. Rose tells the whole story from Titanic''s departure through to its death—on its first and last voyage—on April 15, 1912.',
        'https://image.tmdb.org/t/p/original/9xjZS2rlVxm8SFx8kPC3aIGCOYQ.jpg',
        'PG-13',
        '1997-11-18',
        194,
        'Nothing on Earth could come between them.',
        'Titanic',
        'movie',
        'https://www.paramountmovies.com/movies/titanic',
        1997,
        NULL,
        597,
        2264162353
    ),
    (
        'tt6166392',
        '1 win & 4 nominations',
        NULL,
        NULL,
        635,
        NULL,
        'Wonka',
        'Willy Wonka - chock-full of ideas and determined to change the world one delectable bite at a time – is proof that the best things in life begin with a dream, and if you’re lucky enough to meet Willy Wonka, anything is possible.',
        'https://image.tmdb.org/t/p/original/qhb1qOilapbapxWQn9jtRCMwXJF.jpg',
        'PG',
        '2023-12-06',
        117,
        'Every good thing in this world started with a dream.',
        'Wonka',
        'movie',
        'https://www.wonkamovie.com',
        2023,
        NULL,
        787699,
        151569322
    ),
    (
        'tt23289160',
        NULL,
        NULL,
        8.4,
        1,
        NULL,
        'ゴジラ-1.0',
        'In postwar Japan, a new terror rises. Will the devastated people be able to survive... let alone fight back?',
        'https://image.tmdb.org/t/p/original/hkxxMIGaiCTmrEArK7J56JTKUlB.jpg',
        'PG-13',
        '2023-11-03',
        125,
        'Postwar Japan. From zero to minus.',
        'Godzilla Minus One',
        'movie',
        'https://tickets.godzilla.com',
        2023,
        NULL,
        940721,
        64000000
    ),
    (
        'tt6587046',
        '8 wins & 26 nominations',
        NULL,
        7.7,
        16,
        NULL,
        '君たちはどう生きるか',
        'While the Second World War rages, the teenage Mahito, haunted by his mother''s tragic death, is relocated from Tokyo to the serene rural home of his new stepmother Natsuko, a woman who bears a striking resemblance to the boy''s mother. As he tries to adjust, this strange new world grows even stranger following the appearance of a persistent gray heron, who perplexes and bedevils Mahito, dubbing him the "long-awaited one."',
        'https://image.tmdb.org/t/p/original/jDQPkgzerGophKRRn7MKm071vCU.jpg',
        'PG-13',
        '2023-07-14',
        124,
        'Where death comes to an end, life finds a new beginning.',
        'The Boy and the Heron',
        'movie',
        'https://gkids.com/films/the-boy-and-the-heron/',
        2023,
        NULL,
        508883,
        109000000
    ),
    (
        'tt3915174',
        'Nominated for 1 Oscar. 7 wins & 55 nominations total',
        NULL,
        7.8,
        163,
        73,
        'Puss in Boots: The Last Wish',
        'Puss in Boots discovers that his passion for adventure has taken its toll: He has burned through eight of his nine lives, leaving him with only one life left. Puss sets out on an epic journey to find the mythical Last Wish and restore his nine lives.',
        'https://image.tmdb.org/t/p/original/kuf6dutpsT0vSVehic3EZIqkOBt.jpg',
        'PG',
        '2022-12-07',
        103,
        'Live each adventure like it''s your last.',
        'Puss in Boots: The Last Wish',
        'movie',
        'https://www.dreamworks.com/movies/puss-in-boots-the-last-wish',
        2022,
        '20th Century Fox',
        315162,
        484700000
    ),
    (
        'tt28814949',
        '3 nominations',
        NULL,
        8.3,
        13,
        NULL,
        'TAYLOR SWIFT | THE ERAS TOUR',
        'The cultural phenomenon continues on the big screen! Immerse yourself in this once-in-a-lifetime concert film experience with a breathtaking, cinematic view of the history-making tour.',
        'https://image.tmdb.org/t/p/original/jf3YO8hOqGHCupsREf5qymYq1n.jpg',
        'PG-13',
        '2023-10-13',
        169,
        'It''s been a long time coming.',
        'TAYLOR SWIFT | THE ERAS TOUR',
        'movie',
        'https://www.tstheerastourfilm.com',
        2023,
        NULL,
        1160164,
        24960000
    ),
    (
        'tt10676048',
        '2 wins & 4 nominations',
        NULL,
        5.9,
        64,
        NULL,
        'The Marvels',
        'Carol Danvers, aka Captain Marvel, has reclaimed her identity from the tyrannical Kree and taken revenge on the Supreme Intelligence. But unintended consequences see Carol shouldering the burden of a destabilized universe. When her duties send her to an anomalous wormhole linked to a Kree revolutionary, her powers become entangled with that of Jersey City super-fan Kamala Khan, aka Ms. Marvel, and Carol’s estranged niece, now S.A.B.E.R. astronaut Captain Monica Rambeau. Together, this unlikely trio must team up and learn to work in concert to save the universe.',
        'https://image.tmdb.org/t/p/original/Ag3D9qXjhJ2FUkrlJ0Cv1pgxqYQ.jpg',
        'PG-13',
        '2023-11-08',
        105,
        'Higher. Further. Faster. Together.',
        'The Marvels',
        'movie',
        'https://www.marvel.com/movies/the-marvels',
        2023,
        NULL,
        609681,
        199400000
    );
-- Sample data for the ratings table
INSERT INTO "public"."ratings" ("id", "value", "source")
VALUES (19, 'Internet Movie Database', '7.9/10'),
    (20, 'Rotten Tomatoes', '88%'),
    (21, 'Metacritic', '75/100'),
    (22, 'Internet Movie Database', '8.5/10'),
    (23, 'Rotten Tomatoes', '93%'),
    (24, 'Metacritic', '88/100'),
    (25, 'Internet Movie Database', '8.0/10'),
    (26, 'Rotten Tomatoes', '92%'),
    (27, 'Metacritic', '89/100'),
    (28, 'Internet Movie Database', '8.0/10'),
    (29, 'Rotten Tomatoes', '92%'),
    (30, 'Metacritic', '89/100'),
    (31, 'Internet Movie Database', '7.0/10'),
    (32, 'Rotten Tomatoes', '88%'),
    (33, 'Metacritic', '80/100'),
    (34, 'Internet Movie Database', '7.0/10'),
    (35, 'Rotten Tomatoes', '88%'),
    (36, 'Metacritic', '80/100'),
    (37, 'Internet Movie Database', '6.1/10'),
    (38, 'Rotten Tomatoes', '74%'),
    (39, 'Metacritic', '60/100'),
    (40, 'Internet Movie Database', '6.1/10'),
    (41, 'Rotten Tomatoes', '74%'),
    (42, 'Metacritic', '60/100'),
    (43, 'Internet Movie Database', '7.9/10'),
    (44, 'Rotten Tomatoes', '88%'),
    (45, 'Metacritic', '75/100'),
    (46, 'Internet Movie Database', '7.9/10'),
    (47, 'Rotten Tomatoes', '88%'),
    (48, 'Metacritic', '75/100'),
    (49, 'Internet Movie Database', '7.9/10'),
    (50, 'Rotten Tomatoes', '88%'),
    (51, 'Metacritic', '75/100'),
    (52, 'Internet Movie Database', '8.0/10'),
    (53, 'Rotten Tomatoes', '92%'),
    (54, 'Metacritic', '89/100'),
    (55, 'Internet Movie Database', '8.0/10'),
    (56, 'Rotten Tomatoes', '92%'),
    (57, 'Metacritic', '89/100'),
    (58, 'Internet Movie Database', '8.8/10'),
    (59, 'Rotten Tomatoes', '71%'),
    (60, 'Metacritic', '82/100'),
    (61, 'Internet Movie Database', '8.4/10'),
    (62, 'Internet Movie Database', '7.7/10'),
    (63, 'Internet Movie Database', '8.5/10'),
    (64, 'Internet Movie Database', '7.8/10'),
    (65, 'Metacritic', '73/100'),
    (66, 'Internet Movie Database', '8.3/10'),
    (67, 'Internet Movie Database', '7.0/10'),
    (68, 'Internet Movie Database', '9.0/10'),
    (69, 'Rotten Tomatoes', '98%'),
    (70, 'Metacritic', '95/100'),
    (71, 'Internet Movie Database', '5.9/10'),
    (72, 'Rotten Tomatoes', '62%');
-- Sample data for cast member table
INSERT INTO "public"."cast_member" ("imdb_id", "person_id")
VALUES ('tt5537002', 106),
    ('tt5537002', 107),
    ('tt5537002', 108),
    ('tt5537002', 109),
    ('tt5537002', 110),
    ('tt5537002', 111),
    ('tt0109830', 112),
    ('tt0109830', 113),
    ('tt0109830', 114),
    ('tt0109830', 115),
    ('tt0109830', 116),
    ('tt0109830', 117),
    ('tt6166392', 118),
    ('tt6166392', 119),
    ('tt15398776', 16),
    ('tt15398776', 17),
    ('tt15398776', 18),
    ('tt15398776', 19),
    ('tt15398776', 20),
    ('tt15398776', 21),
    ('tt15398776', 22),
    ('tt6166392', 120),
    ('tt6166392', 121),
    ('tt6166392', 122),
    ('tt6166392', 123),
    ('tt6166392', 124),
    ('tt23289160', 125),
    ('tt23289160', 126),
    ('tt23289160', 127),
    ('tt23289160', 128),
    ('tt23289160', 129),
    ('tt6587046', 130),
    ('tt6587046', 131),
    ('tt6587046', 132),
    ('tt6587046', 133),
    ('tt6587046', 134),
    ('tt14230458', 135),
    ('tt14230458', 136),
    ('tt14230458', 137),
    ('tt14230458', 138),
    ('tt14230458', 139),
    ('tt1517268', 43),
    ('tt1517268', 44),
    ('tt1517268', 45),
    ('tt1517268', 46),
    ('tt1517268', 47),
    ('tt1517268', 48),
    ('tt14230458', 140),
    ('tt3915174', 141),
    ('tt3915174', 142),
    ('tt3915174', 143),
    ('tt3915174', 144),
    ('tt29493007', 54),
    ('tt29493007', 55),
    ('tt29493007', 56),
    ('tt29493007', 57),
    ('tt3915174', 145),
    ('tt3915174', 146),
    ('tt3915174', 147),
    ('tt3915174', 148),
    ('tt28814949', 149),
    ('tt28814949', 150),
    ('tt28814949', 151),
    ('tt10298810', 66),
    ('tt10298810', 67),
    ('tt10298810', 68),
    ('tt10298810', 69),
    ('tt10298810', 70),
    ('tt10298810', 71),
    ('tt10298810', 72),
    ('tt28814949', 152),
    ('tt28814949', 153),
    ('tt9663764', 154),
    ('tt9663764', 155),
    ('tt9663764', 156),
    ('tt13287846', 78),
    ('tt13287846', 79),
    ('tt13287846', 80),
    ('tt13287846', 81),
    ('tt13287846', 82),
    ('tt9663764', 157),
    ('tt9663764', 158),
    ('tt9663764', 159),
    ('tt9663764', 160),
    ('tt10545704', 161),
    ('tt10545704', 162),
    ('tt10545704', 163),
    ('tt10545704', 164),
    ('tt10545704', 165),
    ('tt10545704', 166),
    ('tt0120338', 93),
    ('tt0120338', 94),
    ('tt0120338', 95),
    ('tt0120338', 96),
    ('tt0120338', 97),
    ('tt10545704', 167),
    ('tt0108052', 168),
    ('tt0108052', 169),
    ('tt0108052', 170),
    ('tt0108052', 171),
    ('tt0108052', 172),
    ('tt0108052', 173),
    ('tt21064584', 174),
    ('tt21064584', 175),
    ('tt21064584', 176),
    ('tt21064584', 177),
    ('tt21064584', 178),
    ('tt10676048', 179),
    ('tt10676048', 180),
    ('tt10676048', 181),
    ('tt10676048', 182),
    ('tt10676048', 183),
    ('tt10676048', 184),
    ('tt10676048', 185);
-- Sample data for the movies_companies table
INSERT INTO "public"."movies_companies" ("imdb_id", "company_id")
VALUES ('tt15398776', 9996),
    ('tt15398776', 33),
    ('tt15398776', 507),
    ('tt1517268', 82968),
    ('tt1517268', 437),
    ('tt1517268', 181486),
    ('tt1517268', 6220),
    ('tt1517268', 174),
    ('tt29493007', 147425),
    ('tt29493007', 152083),
    ('tt29493007', 152082),
    ('tt29493007', 187518),
    ('tt10298810', 3),
    ('tt10298810', 2),
    ('tt13287846', 1645),
    ('tt13287846', 19108),
    ('tt13287846', 194232),
    ('tt0120338', 4),
    ('tt0120338', 25),
    ('tt0120338', 574),
    ('tt5537002', 194232),
    ('tt5537002', 81121),
    ('tt5537002', 23243),
    ('tt5537002', 562),
    ('tt0109830', 4),
    ('tt0109830', 21920),
    ('tt0109830', 412),
    ('tt6166392', 174),
    ('tt6166392', 79),
    ('tt6166392', 214904),
    ('tt6166392', 437),
    ('tt23289160', 882),
    ('tt23289160', 182161),
    ('tt23289160', 12386),
    ('tt6587046', 10342),
    ('tt14230458', 127929),
    ('tt14230458', 6705),
    ('tt14230458', 22213),
    ('tt14230458', 3353),
    ('tt14230458', 72597),
    ('tt14230458', 138287),
    ('tt3915174', 521),
    ('tt3915174', 33),
    ('tt28814949', 69922),
    ('tt28814949', 154630),
    ('tt9663764', 174),
    ('tt9663764', 11565),
    ('tt9663764', 76907),
    ('tt9663764', 128064),
    ('tt10545704', 23291),
    ('tt10545704', 128787),
    ('tt10545704', 83),
    ('tt10545704', 7981),
    ('tt10545704', 78298),
    ('tt0108052', 56),
    ('tt21064584', 41077),
    ('tt21064584', 288),
    ('tt21064584', 103376),
    ('tt21064584', 112783),
    ('tt10676048', 420),
    ('tt10676048', 176762);
-- Sample data for the movies_countries table
INSERT INTO "public"."movies_countries" ("imdb_id", "iso_3166_1")
VALUES ('tt15398776', 'GB'),
    ('tt15398776', 'US'),
    ('tt1517268', 'GB'),
    ('tt1517268', 'US'),
    ('tt29493007', 'VN'),
    ('tt10298810', 'US'),
    ('tt13287846', 'MT'),
    ('tt13287846', 'GB'),
    ('tt13287846', 'US'),
    ('tt0120338', 'US'),
    ('tt5537002', 'US'),
    ('tt0109830', 'US'),
    ('tt6166392', 'GB'),
    ('tt6166392', 'US'),
    ('tt23289160', 'JP'),
    ('tt6587046', 'JP'),
    ('tt14230458', 'IE'),
    ('tt14230458', 'GB'),
    ('tt14230458', 'US'),
    ('tt3915174', 'US'),
    ('tt28814949', 'US'),
    ('tt9663764', 'US'),
    ('tt10545704', 'FR'),
    ('tt0108052', 'US'),
    ('tt21064584', 'GB'),
    ('tt21064584', 'US'),
    ('tt10676048', 'US');
-- Sample data for the movies_genres table
INSERT INTO "public"."movies_genres" ("imdb_id", "genre_id")
VALUES ('tt13287846', 18),
    ('tt13287846', 36),
    ('tt13287846', 10752),
    ('tt0120338', 18),
    ('tt0120338', 10749),
    ('tt5537002', 80),
    ('tt5537002', 18),
    ('tt5537002', 36),
    ('tt0109830', 35),
    ('tt0109830', 18),
    ('tt0109830', 10749),
    ('tt6166392', 35),
    ('tt6166392', 10751),
    ('tt6166392', 14),
    ('tt23289160', 878),
    ('tt23289160', 27),
    ('tt23289160', 28),
    ('tt6587046', 16),
    ('tt6587046', 12),
    ('tt6587046', 14),
    ('tt6587046', 18),
    ('tt14230458', 878),
    ('tt14230458', 35),
    ('tt14230458', 18),
    ('tt3915174', 12),
    ('tt3915174', 14),
    ('tt3915174', 16),
    ('tt3915174', 35),
    ('tt3915174', 10751),
    ('tt3915174', 28),
    ('tt28814949', 10402),
    ('tt9663764', 28),
    ('tt9663764', 12),
    ('tt15398776', 18),
    ('tt15398776', 36),
    ('tt9663764', 14),
    ('tt10545704', 36),
    ('tt10545704', 18),
    ('tt0108052', 18),
    ('tt0108052', 36),
    ('tt0108052', 10752),
    ('tt1517268', 35),
    ('tt1517268', 12),
    ('tt1517268', 14),
    ('tt21064584', 18),
    ('tt10676048', 878),
    ('tt10676048', 12),
    ('tt29493007', 10752),
    ('tt29493007', 10751),
    ('tt29493007', 18),
    ('tt10676048', 28),
    ('tt10298810', 16),
    ('tt10298810', 28),
    ('tt10298810', 12),
    ('tt10298810', 10751),
    ('tt10298810', 878);
-- Sample data for the movies_ratings table
INSERT INTO "public"."movies_ratings" ("imdb_id", "writer_id")
VALUES ('tt15398776', 22),
    ('tt15398776', 23),
    ('tt15398776', 24),
    ('tt1517268', 34),
    ('tt1517268', 35),
    ('tt1517268', 36),
    ('tt10298810', 40),
    ('tt10298810', 41),
    ('tt10298810', 42),
    ('tt0120338', 49),
    ('tt0120338', 50),
    ('tt0120338', 51),
    ('tt5537002', 55),
    ('tt5537002', 56),
    ('tt5537002', 57),
    ('tt0109830', 58),
    ('tt0109830', 59),
    ('tt0109830', 60),
    ('tt23289160', 61),
    ('tt6587046', 62),
    ('tt14230458', 63),
    ('tt3915174', 64),
    ('tt3915174', 65),
    ('tt28814949', 66),
    ('tt10545704', 67),
    ('tt0108052', 68),
    ('tt0108052', 69),
    ('tt0108052', 70),
    ('tt10676048', 71),
    ('tt10676048', 72);
-- Sample data for the movies_languages table
INSERT INTO "public"."movies_languages" ("imdb_id", "iso_639_1")
VALUES ('tt15398776', 'nl'),
    ('tt15398776', 'en'),
    ('tt1517268', 'en'),
    ('tt29493007', 'vi'),
    ('tt10298810', 'en'),
    ('tt13287846', 'en'),
    ('tt13287846', 'fr'),
    ('tt0120338', 'en'),
    ('tt0120338', 'fr'),
    ('tt0120338', 'de'),
    ('tt0120338', 'sv'),
    ('tt0120338', 'it'),
    ('tt0120338', 'ru'),
    ('tt5537002', 'en'),
    ('tt5537002', 'fr'),
    ('tt5537002', 'la'),
    ('tt0109830', 'en'),
    ('tt6166392', 'en'),
    ('tt23289160', 'en'),
    ('tt23289160', 'ja'),
    ('tt6587046', 'ja'),
    ('tt14230458', 'en'),
    ('tt14230458', 'pt'),
    ('tt14230458', 'fr'),
    ('tt3915174', 'en'),
    ('tt3915174', 'es'),
    ('tt28814949', 'en'),
    ('tt9663764', 'en'),
    ('tt10545704', 'fr'),
    ('tt10545704', 'de'),
    ('tt0108052', 'de'),
    ('tt0108052', 'pl'),
    ('tt0108052', 'he'),
    ('tt0108052', 'en'),
    ('tt21064584', 'en'),
    ('tt10676048', 'en'),
    ('tt10676048', 'ur');